{
	"partitions" : [
		{
			"name" : "Top",
			"pins" : [
				{
					"name" : "output_vector[0]",
					"strict" : false
				},
				{
					"name" : "input_vector[3]",
					"strict" : false
				},
				{
					"name" : "input_vector[4]",
					"strict" : false
				},
				{
					"name" : "input_vector[2]",
					"strict" : false
				},
				{
					"name" : "input_vector[0]",
					"strict" : false
				},
				{
					"name" : "input_vector[1]",
					"strict" : false
				}
			]
		}
	]
}